[
  {
    "name": "ES6 标准入门",
    "author": "阮一峰",
    "published": "2017-09-01",
    "progress": "温故知新",
    "postTitle": "ES6 标准入门",
    "postLink": "https://chanshiyu.com/#/post/12",
    "cover": "/assets/book/ES6-标准入门.jpg",
    "link": "https://www.duokan.com/book/169714",
    "description": "柏林已经来了命令，阿尔萨斯和洛林的学校只许教 ES6 了，他转身朝着黑板，拿起一支粉笔，使出全身的力量，写了两个大字：“ES6 万岁！”。"
  },
  {
    "name": "JavaScript 设计模式与开发实践",
    "author": "曾探",
    "published": "2015-05-01",
    "progress": "温故知新",
    "postTitle": "JS 设计模式与开发实践",
    "postLink": "https://chanshiyu.com/#/post/8",
    "cover": "/assets/book/JavaScript-设计模式与开发实践.jpg",
    "link": "https://www.duokan.com/book/120447",
    "description": "设计模式的定义：在面向对象软件设计过程中针对特定问题的简洁而优雅的解决方案。书中介绍了 JavaScript 常用的 16 种设计模式，受益良多。"
  },
  {
    "name": "你不知道的 JavaScript(上卷)",
    "author": "Kyle Simpson",
    "published": "2015-04-01",
    "progress": "温故知新",
    "postTitle": "",
    "postLink": "",
    "cover": "/assets/book/You_Dont_Know_JavaScript(上卷).jpg",
    "link": "https://www.duokan.com/book/102758",
    "description": "You-Dont-Know-JS 系列目前在 Github 上已获得近 7.5 万 star，说是 2017 年最火的一个项目也不为过，学而不思则殆，重新温故知新。"
  },
  {
    "name": "JavaScript 秘密花园",
    "author": "伊沃·韦特泽尔",
    "published": "未出版",
    "progress": "温故知新",
    "postTitle": "JavaScript 秘密花园",
    "postLink": "https://chanshiyu.com/#/post/6",
    "cover": "/assets/book/JavaScript-秘密花园.jpg",
    "link": "https://www.jb51.net/onlineread/JavaScript-Garden-CN/#intro",
    "description": "JavaScript 秘密花园是一个不断更新，主要关心 JavaScript 一些古怪用法的文档。初学者可以籍此深入了解 JavaScript 的语言特性。"
  }
]
