[
  {
    "name": "Zero",
    "code": "https://github.com/chanshiyucx/zero",
    "demo": "https://chanshiyu.com",
    "description": "基于 React 与 TypeScript 开发的自用博客主题。 "
  },
  {
    "name": "Eriri",
    "code": "https://github.com/chanshiyucx/eriri",
    "description": "Eriri 是一款基于 electron 开发的本地漫画阅读器，缘起于自己在当前 Win10 系统上找不到一款完美的漫画（图片）阅读器，故自己开发了一个，自用了一段时间，目前感觉良好。"
  },
  {
    "name": "Aurora",
    "code": "https://github.com/chanshiyucx/aurora",
    "demo": "https://chanshiyu.com/treasure/aurora/",
    "description": "Aurora 是一个基于 Vue 开发的 SPA 单页面博客应用程序，使用 Github Issues 进行写作，借助 Github Api 获取内容，通过 Github Pages 部署在线访问。博客评论系统采用开源项目 Gitalk。主题基于 Github 全家桶，脱离服务器与数据库，关注内容本身，操作简单，免费食用。"
  },
  {
    "name": "Gitleaf",
    "code": "https://github.com/chanshiyucx/gitleaf",
    "demo": "https://chanshiyu.com/treasure/gitleaf",
    "description": "Gitleaf 是一款仿 Github Style 的单页面博客应用程序，原滋原味的 Github 写作感觉！"
  }
]
