[
  {
    "name": "静かな森",
    "link": "https://innei.ren",
    "cover": "/assets/friend/innei1.jpg",
    "avatar": "/assets/friend/innei2.jpg"
  },
  {
    "name": "白猫",
    "link": "https://2heng.xin",
    "cover": "/assets/friend/2heng1.jpg",
    "avatar": "/assets/friend/2heng2.jpg"
  },
  {
    "name": "木子",
    "link": "https://blog.k8s.li",
    "cover": "/assets/friend/501li1.jpg",
    "avatar": "/assets/friend/501li2.jpg"
  },
  {
    "name": "BD4SUR",
    "link": "https://bd4sur.com",
    "cover": "/assets/friend/mikukonai1.jpg",
    "avatar": "/assets/friend/mikukonai2.jpg"
  },
  {
    "name": "Eltrac",
    "link": "https://guhub.cn",
    "cover": "/assets/friend/Eltrac1.jpg",
    "avatar": "/assets/friend/Eltrac2.jpg"
  },
  {
    "name": "芝士部落格",
    "link": "https://chee5e.space",
    "cover": "/assets/friend/vensing1.jpg",
    "avatar": "/assets/friend/vensing2.jpg"
  },
  {
    "name": "HONG",
    "link": "https://hongweblog.com",
    "cover": "/assets/friend/hongweblog1.jpg",
    "avatar": "/assets/friend/hongweblog2.jpg"
  },
  {
    "name": "Makito",
    "link": "https://blog.keep.moe",
    "cover": "/assets/friend/keep1.png",
    "avatar": "/assets/friend/keep2.jpg"
  },
  {
    "name": "椎咲良田",
    "link": "https://sanshiliuxiao.github.io/",
    "cover": "/assets/friend/sanshiliuxiao1.jpg",
    "avatar": "/assets/friend/sanshiliuxiao2.jpg"
  },
  {
    "name": "惶心",
    "link": "https://huangxin.dev",
    "cover": "/assets/friend/justhx1.jpg",
    "avatar": "/assets/friend/justhx2.jpg"
  },
  {
    "name": "梓喵出没",
    "link": "https://www.azimiao.com",
    "cover": "/assets/friend/azimiao1.png",
    "avatar": "/assets/friend/azimiao2.jpeg"
  },
  {
    "name": "月子喵",
    "link": "https://haozi.moe",
    "cover": "/assets/friend/haozi1.jpg",
    "avatar": "/assets/friend/haozi2.jpg"
  },
  {
    "name": "白洛嘉",
    "link": "https://phenol-phthalein.info",
    "cover": "/assets/friend/phenol1.jpg",
    "avatar": "/assets/friend/phenol2.jpg"
  },
  {
    "name": "维基萌",
    "link": "https://www.wikimoe.com",
    "cover": "/assets/friend/wikimoe1.png",
    "avatar": "/assets/friend/wikimoe2.jpg"
  },
  {
    "name": "七夏浅笑",
    "link": "https://www.julydate.com",
    "cover": "/assets/friend/julydate1.jpg",
    "avatar": "/assets/friend/julydate2.jpg"
  },
  {
    "name": "青空之蓝",
    "link": "https://ixk.me",
    "cover": "/assets/friend/ixk1.jpg",
    "avatar": "/assets/friend/ixk2.jpg"
  },
  {
    "name": "星空未屿",
    "link": "https://www.clrxx.com",
    "cover": "/assets/friend/clrxx1.jpg",
    "avatar": "/assets/friend/clrxx2.jpg"
  },
  {
    "name": "PRIN",
    "link": "https://printempw.github.io",
    "cover": "/assets/friend/blessing1.png",
    "avatar": "/assets/friend/blessing2.jpg"
  },
  {
    "name": "羽忆江南",
    "link": "https://yyjn.org",
    "cover": "/assets/friend/yyjner1.jpg",
    "avatar": "/assets/friend/yyjner2.jpg"
  },
  {
    "name": "明日が来ると",
    "link": "https://kiseki.blog",
    "cover": "/assets/friend/asuhe0.jpg",
    "avatar": "/assets/friend/asuhe2.jpg"
  },
  {
    "name": "云游君",
    "link": "https://www.yunyoujun.cn",
    "cover": "/assets/friend/yunyoujun1.jpg",
    "avatar": "/assets/friend/yunyoujun2.jpg"
  },
  {
    "name": "初之音",
    "link": "https://www.himiku.com",
    "cover": "/assets/friend/himiku1.jpg",
    "avatar": "/assets/friend/himiku2.jpg"
  },
  {
    "name": "轻音部",
    "link": "https://www.myeriri.com",
    "cover": "/assets/friend/myeriri1.jpg",
    "avatar": "/assets/friend/myeriri2.png"
  },
  {
    "name": "ChrAlpha",
    "link": "https://chralpha.com",
    "cover": "/assets/friend/chralpha1.jpg",
    "avatar": "/assets/friend/chralpha2.jpg"
  },
  {
    "name": "蚊子",
    "link": "https://qwq.moe",
    "cover": "/assets/friend/qwq1.jpg",
    "avatar": "/assets/friend/qwq2.jpg"
  },
  {
    "name": "苹果酱",
    "link": "https://kirimasharo.com",
    "cover": "/assets/friend/syaro1.jpg",
    "avatar": "/assets/friend/syaro2.jpg"
  },
  {
    "name": "东方幻梦",
    "link": "https://blog.badapple.pro",
    "cover": "/assets/friend/badapple1.jpg",
    "avatar": "/assets/friend/badapple2.jpg"
  },
  {
    "name": "Ukenn",
    "link": "https://blog.ukenn.top",
    "cover": "/assets/friend/Ukenn1.jpg",
    "avatar": "/assets/friend/Ukenn2.jpg"
  },
  {
    "name": "极束梦想",
    "link": "https://www.imsle.com",
    "cover": "/assets/friend/imsle1.jpg",
    "avatar": "/assets/friend/imsle2.jpg"
  },
  {
    "name": "Raptazure",
    "link": "https://raptazure.github.io",
    "cover": "/assets/friend/raptazure1.jpg",
    "avatar": "/assets/friend/raptazure2.jpg"
  },
  {
    "name": "非科学の河童",
    "link": "https://bkryofu.xyz",
    "cover": "/assets/friend/kawashiros1.jpg",
    "avatar": "/assets/friend/kawashiros2.jpg"
  },
  {
    "name": "夏·祈·楓",
    "link": "https://flymc.cc",
    "cover": "/assets/friend/flymc1.jpg",
    "avatar": "/assets/friend/flymc2.jpg"
  },
  {
    "name": "翠翠",
    "link": "https://idealclover.top",
    "cover": "/assets/friend/idealclover2.jpg",
    "avatar": "/assets/friend/idealclover1.jpg"
  },
  {
    "name": "TonyHe",
    "link": "https://ouorz.com",
    "cover": "/assets/friend/ouorz1.jpg",
    "avatar": "/assets/friend/ouorz2.jpg"
  },
  {
    "name": "稗田千秋",
    "link": "https://wind.moe",
    "cover": "/assets/friend/wind1.png",
    "avatar": "/assets/friend/wind2.jpg"
  },
  {
    "name": "诺诺",
    "link": "https://www.rmolives.com",
    "cover": "/assets/friend/rmolives1.jpg",
    "avatar": "/assets/friend/rmolives2.jpg"
  },
  {
    "name": "阡陌",
    "link": "https://www.weiaini.xyz",
    "cover": "/assets/friend/weiaini1.jpg",
    "avatar": "/assets/friend/weiaini2.jpg"
  },
  {
    "name": "青花鱼",
    "link": "https://zankyo.cc",
    "cover": "/assets/friend/zankyo1.jpg",
    "avatar": "/assets/friend/zankyo2.jpg"
  },
  {
    "name": "Sakitami",
    "link": "https://blog.skihome.xyz",
    "cover": "/assets/friend/sakitami1.jpg",
    "avatar": "/assets/friend/sakitami2.jpg"
  },
  {
    "name": "時雨",
    "link": "https://dearain.cn",
    "cover": "/assets/friend/shiyu1.jpg",
    "avatar": "/assets/friend/shiyu2.jpg"
  },
  {
    "name": "亿林",
    "link": "https://minemine.cc",
    "cover": "/assets/friend/minemine1.jpg",
    "avatar": "/assets/friend/minemine2.jpeg"
  },
  {
    "name": "Hans362",
    "link": "https://blog.hans362.cn",
    "cover": "/assets/friend/hans3621.jpg",
    "avatar": "/assets/friend/hans3622.jpg"
  },
  {
    "name": "⑨BIE",
    "link": "https://9bie.org",
    "cover": "/assets/friend/ero1.jpg",
    "avatar": "/assets/friend/ero2.jpeg"
  },
  {
    "name": "Cat",
    "link": "https://flandre-scarlet.moe/blog",
    "cover": "/assets/friend/scarlet1.jpg",
    "avatar": "/assets/friend/scarlet2.jpg"
  },
  {
    "name": "指尖小屋",
    "link": "https://fasty97.top",
    "cover": "/assets/friend/fasty971.jpg",
    "avatar": "/assets/friend/fasty972.jpg"
  }
]
