[
  {
    "poetry": "去年今日此门中，人面桃花相映红。<br>人面不知何处去，桃花依旧笑春风。",
    "author": "唐·崔护《题都城南庄》"
  },
  {
    "poetry": "众芳摇落独暄妍，占尽风情向小园。<br>疏影横斜水清浅，暗香浮动月黄昏。",
    "author": "宋·林逋《山园小梅》"
  },
  {
    "poetry": "试问闲愁都几许？<br>一川烟草，满城风絮，梅子黄时雨。",
    "author": "宋·贺铸《青玉案》"
  },
  {
    "poetry": "君问归期未有期，巴山夜雨涨秋池。<br>何当共剪西窗烛，却话巴山夜雨时。",
    "author": "唐·李商隐《青玉案》"
  },
  {
    "poetry": "西风吹老洞庭波，一夜湘君白发多。<br>醉后不知天在水，满船清梦压星河。",
    "author": "元·唐珙《题龙阳县青草湖》"
  },
  {
    "poetry": "衣上征尘杂酒痕，远游无处不消魂。<br>此身合是诗人未？细雨骑驴入剑门。",
    "author": "宋·陆游《剑门道中遇微雨》"
  },
  {
    "poetry": "我居北海君南海，寄雁传书谢不能。<br>桃李春风一杯酒，江湖夜雨十年灯。",
    "author": "宋·黄庭坚《寄黄几复》"
  },
  {
    "poetry": "数间茅舍，藏书万卷，投老村家。<br>山中何事？松花酿酒，春水煎茶。",
    "author": "元·张可久《人月圆·山中书事》"
  },
  {
    "poetry": "窗间梅熟落蒂，墙下笋成出林。<br>连雨不知春去，一晴方觉夏深。",
    "author": "宋·范成大《喜晴》"
  },
  {
    "poetry": "折梅逢驿使，寄与陇头人。<br>江南无所有，聊赠一枝春。",
    "author": "南北朝·陆凯《赠范晔》"
  },
  {
    "poetry": "苏溪亭上草漫漫，谁倚东风十二阑。<br>燕子不归春事晚，一汀烟雨杏花寒。",
    "author": "唐·戴叔伦《江南曲》"
  },
  {
    "poetry": "人闲桂花落，夜静春山空。<br>月出惊山鸟，时鸣春涧中。",
    "author": "唐·王维《鸟鸣涧》"
  },
  {
    "poetry": "杨柳丝丝弄轻柔，烟缕织成愁。<br>海棠未雨，梨花先雪，一半春休。",
    "author": "清·王雱《眼儿媚》"
  },
  {
    "poetry": "红叶醉秋色，碧溪弹夜弦。<br>佳期不可再，风雨杳如年。",
    "author": "唐·湘驿女子《题玉泉溪》"
  },
  {
    "poetry": "水是眼波横，山是眉峰聚。<br>欲问行人去那边？眉眼盈盈处。",
    "author": "宋·王观《卜算子》"
  },
  {
    "poetry": "空山新雨后，天气晚来秋。<br>明月松间照，清泉石上流。",
    "author": "唐·王维《山居秋暝》"
  },
  {
    "poetry": "二十四桥仍在，波心荡、冷月无声。<br>念桥边红药，年年知为谁生！",
    "author": "宋·姜夔《扬州慢》"
  },
  {
    "poetry": "绿蚁新醅酒，红泥小火炉。<br>晚来天欲雪，能饮一杯无？",
    "author": "唐·白居易《问刘十九》"
  },
  {
    "poetry": "几回花下坐吹箫，银汉红墙入望遥。<br>似此星辰非昨夜，为谁风露立中宵。",
    "author": "清·黄景仁《绮怀》"
  },
  {
    "poetry": "江碧鸟逾白，山青花欲燃。<br>今春看又过，何日是归年。",
    "author": "唐·杜甫《绝句》"
  },
  {
    "poetry": "劳歌一曲解行舟，红叶青山水急流。<br>日暮酒醒人已远，满天风雨下西楼。",
    "author": "唐·许浑《谢亭送别》"
  },
  {
    "poetry": "故人今在否？旧江山浑是新愁。<br>欲买桂花同载酒，终不似，少年游。",
    "author": "宋·刘过《唐多令》"
  },
  {
    "poetry": "问余何意栖碧山，笑而不答心自闲。<br>桃花流水窅然去，别有天地非人间。",
    "author": "唐·李白《山中问答》"
  },
  {
    "poetry": "海水梦悠悠，君愁我亦愁。<br>南风知我意，吹梦到西洲。",
    "author": "南北朝·佚名《西洲曲》"
  },
  {
    "poetry": "新年都未有芳华，二月初惊见草芽。<br>白雪却嫌春色晚，故穿庭树作飞花。",
    "author": "唐·韩愈《春雪》"
  },
  {
    "poetry": "昔我往矣，杨柳依依。<br>今我来思，雨雪霏霏。",
    "author": "诗经·小雅《采薇》"
  },
  {
    "poetry": "故人何不返，春华复应晚。<br>不道新知乐，只言行路远。",
    "author": "南北朝·柳恽《江南曲》"
  },
  {
    "poetry": "春风倚棹阖闾城，水国春寒阴复晴。<br>细雨湿衣看不见，闲花落地听无声。",
    "author": "唐·刘长卿《别严士元》"
  },
  {
    "poetry": "竹摇清影罩幽窗，两两时禽噪夕阳。<br>谢却海棠飞尽絮，困人天气日初长。",
    "author": "宋·朱淑真《即景》"
  },
  {
    "poetry": "谷口春残黄鸟稀，辛夷花尽杏花飞。<br>始怜幽竹山窗下，不改清阴待我归。",
    "author": "唐·钱起《晚春归山居题窗前竹》"
  },
  {
    "poetry": "独敲初夜磬，闲倚一枝藤。<br>世界微尘里，吾宁爱与憎。",
    "author": "唐·李商隐《北青萝》"
  },
  {
    "poetry": "云想衣裳花想容，春风拂槛露华浓。<br>若非群玉山头见，会向瑶台月下逢。",
    "author": "唐·李白《清平调》"
  },
  {
    "poetry": "涧树含朝雨，山鸟哢馀春。<br>我有一瓢酒，可以慰风尘。",
    "author": "唐·韦应物《简卢陟》"
  },
  {
    "poetry": "清溪流过碧山头，空水澄鲜一色秋。<br>隔断红尘三十里，白云红叶两悠悠。",
    "author": "宋·朱熹《秋月》"
  },
  {
    "poetry": "春未老，风细柳斜斜。<br>超然台上看，半壕春水一城花。",
    "author": "宋·苏轼《望江南·超然台作》"
  },
  {
    "poetry": "水纹珍簟思悠悠，千里佳期一夕休。<br>从此无心爱良夜，任他明月下西楼。",
    "author": "唐·李益《写情》"
  },
  {
    "poetry": "春归何处？寂寞无行路。<br>若有人知春去处，唤取归来同住。",
    "author": "宋·黄庭坚《清平乐》"
  },
  {
    "poetry": "春有百花秋有月，夏有凉风冬有雪。<br>若无闲事挂心头，便是人间好时节。",
    "author": "宋·慧开禅师《颂平常心是道》"
  },
  {
    "poetry": "银烛秋光冷画屏，轻罗小扇扑流萤。<br>天阶夜色凉如水，卧看牵牛织女星。",
    "author": "唐·杜牧《秋夕》"
  },
  {
    "poetry": "落花人独立，微雨燕双飞。<br>当时明月在，曾照彩云归。",
    "author": "北宋·晏几道《临江仙》"
  },
  {
    "poetry": "素月分辉，明河共影，表里俱澄澈。<br>悠然心会，妙处难与君说。",
    "author": "宋·张孝祥《念奴娇·过洞庭》"
  },
  {
    "poetry": "浮生长恨欢娱少，肯爱千金轻一笑。<br>为君持酒劝斜阳，且向花间留晚照。",
    "author": "宋·宋祁《玉楼春·春景》"
  },
  {
    "poetry": "去年花里逢君别，今日花开又一年。<br>世事茫茫难自料，春愁黯黯独成眠。",
    "author": "唐·应物《寄李儋元锡》"
  }
]
